{
  "model": "baidu/ERNIE-4.5-21B-A3B-PT",
  "n_experts": 8,
  "phase_b": {
    "ppl_equilibrium": 49.652230151494344,
    "ppl_per_disabled": {
      "0": 59.8072112083435,
      "1": 59.48867794672648,
      "2": 59.15337896347046,
      "3": 59.39454253514608,
      "4": 60.984459749857585,
      "5": 58.95888319015503,
      "6": 59.211125151316324,
      "7": 58.5372511545817,
      "8": 59.16828336715698,
      "9": 59.16708701451619,
      "10": 58.69043887456258,
      "11": 59.2217352549235,
      "12": 59.16828336715698,
      "13": 59.58327547709147,
      "14": 58.731396738688154,
      "15": 57.92781063715617,
      "16": 59.50299940109253,
      "17": 59.15615882873535,
      "18": 59.17286094029745,
      "19": 59.17973127365112,
      "20": 59.49073816935221,
      "21": 58.21954600016276,
      "22": 59.17916088104248,
      "23": 59.16455357869466,
      "24": 59.1477089881897,
      "25": 59.29821043014526,
      "26": 59.869429397583005,
      "27": 59.17015129725139,
      "28": 59.44020541508993,
      "29": 58.52149244944255,
      "30": 58.09044828414917,
      "31": 59.148250357309976,
      "32": 59.61067018508911,
      "33": 59.79372231165568,
      "34": 59.16505813598633,
      "35": 59.29920120239258,
      "36": 59.23216193517049,
      "37": 58.93167572021484,
      "38": 59.050429058074954,
      "39": 59.25200351079305,
      "40": 59.1479255994161,
      "41": 60.26498982111613,
      "42": 60.31299559275309,
      "43": 59.34764054616292,
      "44": 58.84732383092244,
      "45": 59.0298077583313,
      "46": 59.162273502349855,
      "47": 59.017285664876304,
      "48": 60.37097161610921,
      "49": 59.56272366841634,
      "50": 59.33664099375407,
      "51": 59.18176441192627,
      "52": 59.31760991414388,
      "53": 59.169562180837,
      "54": 59.16828336715698,
      "55": 59.687230332692465,
      "56": 59.16828336715698,
      "57": 59.15761871337891,
      "58": 59.175087992350264,
      "59": 59.193277549743655,
      "60": 59.159962781270345,
      "61": 58.7062726020813,
      "62": 59.119295819600424,
      "63": 59.16828336715698
    },
    "ppl_best_disabled": 57.92781063715617,
    "ppl_uniform": 65.13487580617269,
    "poa_vs_best_disabled": 0.8571397676757062,
    "poa_vs_uniform": 0.7622986846439785,
    "target_layer": 14
  },
  "signals": [
    [
      "price_of_anarchy",
      "NONE",
      "PoA=0.8571 \u2014 optimal or better"
    ]
  ]
}