{
  "model": "mistralai/Mixtral-8x7B-Instruct-v0.1",
  "n_experts": 8,
  "phase_a": {
    "per_layer": {
      "0": {
        "counts": [
          3202.0,
          3717.0,
          3780.0,
          3295.0,
          3637.0,
          4286.0,
          3439.0,
          3512.0
        ],
        "gini": 0.04750935291672431,
        "entropy": 0.9981861590087331,
        "load_ratio": 1.338538413491526
      },
      "1": {
        "counts": [
          3406.0,
          3681.0,
          3228.0,
          4317.0,
          3499.0,
          3409.0,
          4034.0,
          3294.0
        ],
        "gini": 0.05299120133019253,
        "entropy": 0.9976961231088982,
        "load_ratio": 1.3373605947954976
      },
      "2": {
        "counts": [
          3558.0,
          4058.0,
          3212.0,
          3377.0,
          4231.0,
          4245.0,
          3284.0,
          2903.0
        ],
        "gini": 0.07357627823195223,
        "entropy": 0.9958281622104167,
        "load_ratio": 1.462280399586584
      },
      "3": {
        "counts": [
          4369.0,
          3198.0,
          2784.0,
          3766.0,
          3536.0,
          3663.0,
          3867.0,
          3685.0
        ],
        "gini": 0.06560897880005534,
        "entropy": 0.9964012084030641,
        "load_ratio": 1.5693247126436218
      },
      "4": {
        "counts": [
          3792.0,
          3571.0,
          3213.0,
          3763.0,
          3685.0,
          3544.0,
          3072.0,
          4228.0
        ],
        "gini": 0.050912775391436904,
        "entropy": 0.997928758307954,
        "load_ratio": 1.3763020833332884
      },
      "5": {
        "counts": [
          3265.0,
          3855.0,
          3669.0,
          3318.0,
          3411.0,
          3978.0,
          4249.0,
          3123.0
        ],
        "gini": 0.05765899958431486,
        "entropy": 0.9975103818459753,
        "load_ratio": 1.3605507524815446
      },
      "6": {
        "counts": [
          3663.0,
          3924.0,
          3713.0,
          3501.0,
          3538.0,
          3122.0,
          3816.0,
          3591.0
        ],
        "gini": 0.03371380074823338,
        "entropy": 0.9990355239937533,
        "load_ratio": 1.2568866111466606
      },
      "7": {
        "counts": [
          3858.0,
          3890.0,
          3529.0,
          3642.0,
          3739.0,
          3062.0,
          2931.0,
          4217.0
        ],
        "gini": 0.061599348759872496,
        "entropy": 0.9969547632286145,
        "load_ratio": 1.4387581030364571
      },
      "8": {
        "counts": [
          3763.0,
          3391.0,
          2376.0,
          4573.0,
          3489.0,
          3292.0,
          3599.0,
          4385.0
        ],
        "gini": 0.0955642926423721,
        "entropy": 0.9922910523578418,
        "load_ratio": 1.9246632996632187
      },
      "9": {
        "counts": [
          4160.0,
          3360.0,
          3497.0,
          2980.0,
          3417.0,
          4248.0,
          3904.0,
          3302.0
        ],
        "gini": 0.06442254399334901,
        "entropy": 0.9967880547123862,
        "load_ratio": 1.4255033557046501
      },
      "10": {
        "counts": [
          3272.0,
          4278.0,
          3098.0,
          4786.0,
          3839.0,
          3175.0,
          2700.0,
          3720.0
        ],
        "gini": 0.09934009976444513,
        "entropy": 0.9925325159996415,
        "load_ratio": 1.772592592592527
      },
      "11": {
        "counts": [
          3512.0,
          3896.0,
          4206.0,
          729.0,
          2935.0,
          4749.0,
          5540.0,
          3301.0
        ],
        "gini": 0.19851565747540523,
        "entropy": 0.9590048995084013,
        "load_ratio": 7.599451303153964
      },
      "12": {
        "counts": [
          3871.0,
          4442.0,
          4166.0,
          3831.0,
          4457.0,
          3269.0,
          3102.0,
          1730.0
        ],
        "gini": 0.12349314119440202,
        "entropy": 0.9850090776104594,
        "load_ratio": 2.576300578034533
      },
      "13": {
        "counts": [
          4220.0,
          3736.0,
          1874.0,
          3660.0,
          3225.0,
          4039.0,
          4023.0,
          4091.0
        ],
        "gini": 0.09602327837051416,
        "entropy": 0.9890380578444784,
        "load_ratio": 2.2518676627533485
      },
      "14": {
        "counts": [
          3116.0,
          3423.0,
          4506.0,
          3879.0,
          2716.0,
          2771.0,
          4383.0,
          4074.0
        ],
        "gini": 0.1035748926146598,
        "entropy": 0.9918968681220831,
        "load_ratio": 1.6590574374078917
      },
      "15": {
        "counts": [
          3295.0,
          3883.0,
          4088.0,
          2062.0,
          4833.0,
          2246.0,
          4515.0,
          3946.0
        ],
        "gini": 0.1436885132326451,
        "entropy": 0.982455823175873,
        "load_ratio": 2.343840931134707
      },
      "16": {
        "counts": [
          3664.0,
          4083.0,
          3249.0,
          2883.0,
          3610.0,
          2320.0,
          5161.0,
          3898.0
        ],
        "gini": 0.12075654704170713,
        "entropy": 0.9883962185914893,
        "load_ratio": 2.2245689655171454
      },
      "17": {
        "counts": [
          3886.0,
          4061.0,
          4526.0,
          3230.0,
          3054.0,
          3492.0,
          3023.0,
          3596.0
        ],
        "gini": 0.07633019260080376,
        "entropy": 0.9956139864825526,
        "load_ratio": 1.497188223618872
      },
      "18": {
        "counts": [
          3871.0,
          3043.0,
          4066.0,
          4254.0,
          3702.0,
          2622.0,
          4382.0,
          2928.0
        ],
        "gini": 0.09607523901898296,
        "entropy": 0.9927519658621319,
        "load_ratio": 1.6712433257055046
      },
      "19": {
        "counts": [
          3919.0,
          2810.0,
          3001.0,
          3325.0,
          4345.0,
          3993.0,
          3868.0,
          3607.0
        ],
        "gini": 0.07684979908549261,
        "entropy": 0.9954384495235804,
        "load_ratio": 1.5462633451956744
      },
      "20": {
        "counts": [
          3575.0,
          5002.0,
          3079.0,
          2758.0,
          3413.0,
          4060.0,
          2984.0,
          3997.0
        ],
        "gini": 0.10393861715394204,
        "entropy": 0.9916654941291335,
        "load_ratio": 1.8136330674401082
      },
      "21": {
        "counts": [
          3887.0,
          3558.0,
          3520.0,
          3854.0,
          4148.0,
          2705.0,
          4338.0,
          2858.0
        ],
        "gini": 0.08347478176527634,
        "entropy": 0.9944057510327492,
        "load_ratio": 1.6036968576709203
      },
      "22": {
        "counts": [
          3490.0,
          4989.0,
          3662.0,
          2868.0,
          3473.0,
          3482.0,
          3524.0,
          3380.0
        ],
        "gini": 0.07109082721352356,
        "entropy": 0.9944525303137816,
        "load_ratio": 1.7395397489539142
      },
      "23": {
        "counts": [
          3773.0,
          4318.0,
          3868.0,
          2904.0,
          3163.0,
          2774.0,
          3571.0,
          4497.0
        ],
        "gini": 0.09287099903006779,
        "entropy": 0.9935474429498844,
        "load_ratio": 1.6211247296322415
      },
      "24": {
        "counts": [
          2870.0,
          4476.0,
          3782.0,
          3428.0,
          3114.0,
          4029.0,
          3381.0,
          3788.0
        ],
        "gini": 0.07530829984758203,
        "entropy": 0.9957073157344163,
        "load_ratio": 1.5595818815330467
      },