{
  "model": "mistralai/Mixtral-8x7B-Instruct-v0.1",
  "n_experts": 8,
  "phase_a": {
    "per_layer": {
      "0": {
        "counts": [
          318.0,
          342.0,
          372.0,
          296.0,
          342.0,
          388.0,
          325.0,
          321.0
        ],
        "gini": 0.04595044378698221,
        "entropy": 0.9983553899371739,
        "load_ratio": 1.310810810810368
      },
      "1": {
        "counts": [
          341.0,
          351.0,
          286.0,
          384.0,
          300.0,
          339.0,
          394.0,
          309.0
        ],
        "gini": 0.0602810650887573,
        "entropy": 0.9972636440695493,
        "load_ratio": 1.377622377621896
      },
      "2": {
        "counts": [
          364.0,
          383.0,
          292.0,
          307.0,
          366.0,
          407.0,
          304.0,
          281.0
        ],
        "gini": 0.07303994082840237,
        "entropy": 0.9958731070098401,
        "load_ratio": 1.44839857651194
      },
      "3": {
        "counts": [
          448.0,
          329.0,
          228.0,
          351.0,
          334.0,
          343.0,
          344.0,
          327.0
        ],
        "gini": 0.07923446745562135,
        "entropy": 0.9933981620089427,
        "load_ratio": 1.9649122807008927
      },
      "4": {
        "counts": [
          387.0,
          298.0,
          286.0,
          370.0,
          354.0,
          352.0,
          289.0,
          368.0
        ],
        "gini": 0.06120562130177509,
        "entropy": 0.996934125310512,
        "load_ratio": 1.3531468531463802
      },
      "5": {
        "counts": [
          356.0,
          368.0,
          326.0,
          292.0,
          309.0,
          367.0,
          379.0,
          307.0
        ],
        "gini": 0.05168269230769229,
        "entropy": 0.9979346057180831,
        "load_ratio": 1.2979452054790077
      },
      "6": {
        "counts": [
          337.0,
          343.0,
          382.0,
          329.0,
          333.0,
          251.0,
          387.0,
          342.0
        ],
        "gini": 0.05787721893491127,
        "entropy": 0.9966808521933536,
        "load_ratio": 1.541832669322095
      },
      "7": {
        "counts": [
          330.0,
          389.0,
          294.0,
          402.0,
          327.0,
          287.0,
          235.0,
          440.0
        ],
        "gini": 0.10623150887573973,
        "entropy": 0.9914038511896335,
        "load_ratio": 1.8723404255311182
      },
      "8": {
        "counts": [
          316.0,
          271.0,
          238.0,
          412.0,
          314.0,
          292.0,
          430.0,
          431.0
        ],
        "gini": 0.1159393491124261,
        "entropy": 0.9894401532821764,
        "load_ratio": 1.8109243697471384
      },
      "9": {
        "counts": [
          429.0,
          349.0,
          349.0,
          252.0,
          281.0,
          432.0,
          335.0,
          277.0
        ],
        "gini": 0.10345784023668636,
        "entropy": 0.9917069992755397,
        "load_ratio": 1.714285714285034
      },
      "10": {
        "counts": [
          282.0,
          415.0,
          291.0,
          474.0,
          354.0,
          291.0,
          250.0,
          347.0
        ],
        "gini": 0.11455251479289941,
        "entropy": 0.9898030366754794,
        "load_ratio": 1.8959999999992416
      },
      "11": {
        "counts": [
          333.0,
          354.0,
          399.0,
          87.0,
          260.0,
          459.0,
          549.0,
          263.0
        ],
        "gini": 0.2153291420118344,
        "entropy": 0.958723478564053,
        "load_ratio": 6.3103448275789535
      },
      "12": {
        "counts": [
          404.0,
          451.0,
          346.0,
          340.0,
          401.0,
          326.0,
          292.0,
          144.0
        ],
        "gini": 0.1359097633136095,
        "entropy": 0.9816090952581659,
        "load_ratio": 3.13194444444227
      },
      "13": {
        "counts": [
          432.0,
          399.0,
          180.0,
          305.0,
          301.0,
          381.0,
          327.0,
          379.0
        ],
        "gini": 0.11714127218934922,
        "entropy": 0.9874161467918195,
        "load_ratio": 2.3999999999986668
      },
      "14": {
        "counts": [
          287.0,
          324.0,
          427.0,
          393.0,
          205.0,
          262.0,
          423.0,
          383.0
        ],
        "gini": 0.12647928994082847,
        "entropy": 0.9872075891638833,
        "load_ratio": 2.0829268292672767
      },
      "15": {
        "counts": [
          304.0,
          390.0,
          396.0,
          185.0,
          434.0,
          173.0,
          433.0,
          389.0
        ],
        "gini": 0.15458579881656798,
        "entropy": 0.9769961765969454,
        "load_ratio": 2.508670520229764
      },
      "16": {
        "counts": [
          350.0,
          391.0,
          306.0,
          253.0,
          349.0,
          222.0,
          537.0,
          296.0
        ],
        "gini": 0.14330621301775137,
        "entropy": 0.9835256699192888,
        "load_ratio": 2.4189189189178295
      },
      "17": {
        "counts": [
          357.0,
          410.0,
          439.0,
          297.0,
          279.0,
          332.0,
          271.0,
          319.0
        ],
        "gini": 0.09356508875739644,
        "entropy": 0.9933704154746048,
        "load_ratio": 1.619926199261395
      },
      "18": {
        "counts": [
          375.0,
          265.0,
          404.0,
          416.0,
          319.0,
          228.0,
          454.0,
          243.0
        ],
        "gini": 0.1349852071005917,
        "entropy": 0.9860455597196095,
        "load_ratio": 1.9912280701745653
      },
      "19": {
        "counts": [
          397.0,
          238.0,
          264.0,
          274.0,
          423.0,
          335.0,
          391.0,
          382.0
        ],
        "gini": 0.10900517751479288,
        "entropy": 0.9905309819089964,
        "load_ratio": 1.7773109243690013
      },
      "20": {
        "counts": [
          328.0,
          486.0,
          260.0,
          278.0,
          305.0,
          425.0,
          218.0,
          404.0
        ],
        "gini": 0.14339866863905315,
        "entropy": 0.984603657174845,
        "load_ratio": 2.229357798164115
      },
      "21": {
        "counts": [
          404.0,
          350.0,
          319.0,
          383.0,
          316.0,
          231.0,
          433.0,
          268.0
        ],
        "gini": 0.10752588757396442,
        "entropy": 0.9911872677046574,
        "load_ratio": 1.874458874458063
      },
      "22": {
        "counts": [
          362.0,
          503.0,
          291.0,
          257.0,
          330.0,
          320.0,
          309.0,
          332.0
        ],
        "gini": 0.09966715976331364,
        "entropy": 0.9907989308790278,
        "load_ratio": 1.957198443579005
      },
      "23": {
        "counts": [
          360.0,
          424.0,
          351.0,
          254.0,
          295.0,
          254.0,
          308.0,
          458.0
        ],
        "gini": 0.11630917159763321,
        "entropy": 0.9898085401203067,
        "load_ratio": 1.8031496062985028
      },
      "24": {
        "counts": [
          299.0,
          421.0,
          359.0,
          327.0,
          305.0,
          375.0,
          306.0,
          312.0
        ],
        "gini": 0.06370192307692313,
        "entropy": 0.996652761693714,
        "load_ratio": 1.408026755852372
      },
      "25": {
        "counts": [
          362.0,
          297.0,
          362.0,
          374.0,
          350.0,
          321.0,
          309.0,
          329.0
        ],
        "gini": 0.04382396449704151,
        "entropy": 0.9985489277469355,